source_id,ra,dec,parallax,parallax_error,parallax_over_error,pmra,pmra_error,pmdec,pmdec_error,phot_g_mean_mag,phot_bp_mean_flux,phot_bp_mean_flux_error,phot_rp_mean_flux,phot_rp_mean_flux_error,bp_rp,radial_velocity,l,b,non_single_star,has_epoch_rv,teff_gspphot,logg_gspphot,distance_gspphot,ebpminrp_gspphot,dist_5,dist_95,cluster_id
1454778987356064768,205.4764743455764,28.258088539802987,0.5908138823802525,0.15745991,3.752154,0.2413061160953685,0.17975838,-3.2327309082826874,0.10600931,18.173468,557.6775441297118,5.756553,697.94946362765,5.7706385,0.8342476,,41.62479209885007,78.77650497692913,0,False,5513.567,4.691,2619.067,0.0009,1.3531409020125338,4.262733073142914,3
1454780125522054528,205.58027317087016,28.291337699657827,0.2895505537975333,0.057622,5.025,-0.0850332345073883,0.06782819,-2.575975523767216,0.038395323,16.633652,2235.4141483426856,7.901409,3147.795383973073,7.3157744,0.9622669,,41.77139197460341,78.68354671580215,0,False,5129.628,4.352,1727.1847,0.001,2.717102489575004,5.340805823367495,3
1454780636623599360,205.51940063990804,28.29272609586668,0.409964516561191,0.07381697,5.5537972,-9.551902894863805,0.08498782,-9.018406130371233,0.046772815,16.979597,1602.185871101399,4.0664487,2064.7131927744103,5.059166,0.8660126,,41.79246866710895,78.73700659316589,0,False,5447.9873,4.326,2639.9724,0.0058,1.986918232336998,3.812703085261778,3
1454781152022186880,205.5539781429622,28.32820936229454,0.4631990019787944,0.11592843,3.9955602,-0.7282593403229435,0.13357952,-2.823142226921377,0.068649106,17.159084,1484.5228059227543,8.201592,1975.7053018679665,6.9687934,0.9009838,,41.96540246780639,78.7047311522588,0,False,5631.7856,4.2488,3024.8367,0.1033,1.69952806364475,4.515444371189736,3
1454781220741648000,205.5440823533425,28.339627001836785,0.5080108477397882,0.12943375,3.9248714,-0.3069028199785129,0.15863702,-2.91734599514258,0.08545498,17.795088,931.9648663353632,18.443308,1117.9428420919671,13.541989,0.78819656,,42.02606547145483,78.71280294968581,0,False,5360.3213,4.7168,1924.2245,0.0074,1.5587522609022424,4.364388275073821,3
1454781293755234560,205.57537704341223,28.35317763445916,0.2603085487176944,0.054937407,4.738275,0.1418459047492398,0.06175306,-2.5538155741563746,0.034945574,16.074274,4130.74313335738,29.412594,5784.862114352118,23.169538,0.95630836,,42.08727311078374,78.6845483929738,0,False,5818.867,3.6587,3165.974,0.2542,2.9664714965653887,5.948724738004152,3
1454781293758150912,205.5717384719934,28.34534446931205,0.2312417006061129,0.06467215,3.5755992,0.2852166038245903,0.07447356,-2.618292299561745,0.04211314,16.818981,2094.908470750408,17.73708,2608.897411471964,25.443163,0.8288765,,42.04831758056452,78.68818269500025,0,False,5605.3457,4.3942,2293.1433,0.0024,3.101385754898127,7.195280561276648,3
1454781323820909696,205.5917230756992,28.352430714990955,0.6314019727115117,0.15254037,4.139245,0.8210704523133978,0.1766874,-2.514901347582995,0.09149955,17.57961,1105.8815964748237,7.6285725,1425.5788098724915,7.8495107,0.866354,,42.079372882130606,78.67022760492434,0,False,,,,,1.280599578060763,3.6344987903473216,3
1454781362474605440,205.5613747567481,28.35356669253051,0.3581318668061965,0.09179532,3.9014175,-0.0413276644666013,0.09950136,-2.813581451873075,0.056448862,17.24659,1739.4054452082505,21.892204,2231.865868238638,25.144806,0.8613148,,42.09278675809603,78.69682953441261,0,False,,,,,2.1405194086777843,5.345833407323065,3
1454781362474681216,205.5654697443947,28.35613418875009,0.2938023552619112,0.08196602,3.5844407,-0.0466952539640088,0.0928243,-2.5661958044371325,0.055094454,16.954191,3144.152084622454,107.08645,4337.497404231506,145.10767,0.9399862,,42.10482613120872,78.69308674597933,0,False,,,,,2.514875682535654,6.285238445476067,3
1454781362477648128,205.56010656748705,28.358840507886352,0.2360025117576393,0.051352277,4.5957556,-0.0559648902669795,0.05617251,-2.7410299726963925,0.030373292,15.187136,8227.39032288501,18.619623,13011.162965477824,21.336138,1.0882826,,42.11997389571949,78.6976454503684,0,False,5508.007,3.4668,3134.0723,0.2682,3.225396683317095,6.471330556907804,3
1454781396839703808,205.5730690931468,28.36161547479914,0.2857513930844339,0.051001333,5.6028223,-0.0104435650156565,0.054275293,-2.833660928948194,0.029740125,15.120068,8877.313293695333,25.441507,13554.881367595908,28.233393,1.0501823,,42.13079619874237,78.68609941335673,0,False,5576.791,3.6444,1998.6189,0.2347,2.80261511700419,5.132579689807351,3
1454783802014175872,205.52565175927967,28.33011987682869,0.5597817022359021,0.15103504,3.7063034,0.7997978437619822,0.16745535,-2.293848524487021,0.09321971,17.796612,1050.7946505517598,10.8327265,1273.4787103426231,8.342321,0.79933167,,41.98209473678454,78.72952396191785,0,False,,,,,1.4198904331852822,4.430627514117378,3
1454784076896908416,205.5043828383052,28.359664631401003,0.3609568675574397,0.10438263,3.4580166,0.3299292949053281,0.09787526,-3.01735714343914,0.055772513,17.090008,1551.302163697921,9.724168,2107.680129637728,10.956562,0.92341805,,42.13852131638481,78.74655418772656,0,False,5691.2544,4.2429,2938.4492,0.1452,2.0836008478620918,5.771905829358231,3
1454784214331599104,205.5386049218609,28.35354969851023,0.5888764544484346,0.15346597,3.8371792,0.3323154490640507,0.19860728,-2.164910903645469,0.095303684,17.54359,1683.856185413899,33.863735,2117.299682857016,35.449097,0.8393402,,42.09847854778568,78.71683674197054,0,False,,,,,1.359149670724476,4.152822532231075,3
1454784214332706176,205.5411762980826,28.35340260117555,0.4654201765737104,0.13722834,3.3915749,-0.3859908626077755,0.1727798,-3.0575077803007416,0.09081084,17.95539,880.1205442872132,14.272387,1124.8806350922334,13.892586,0.8570576,,42.09707356783435,78.71458579317303,0,False,,,,,1.6610096919324715,5.237211008883072,3
1454784214335918080,205.55068115969112,28.35636107135489,0.2251681005260359,0.061020583,3.690035,-0.2251558179836935,0.064900644,-2.719233529847469,0.035154957,15.8190155,6042.380102162982,272.5708,8630.97508104768,43.70168,0.9777756,,42.10974140297509,78.70606716335742,0,False,,,,,3.199416463151159,7.230581465463557,3
1454784214337374080,205.5417043952119,28.35590347764776,0.268093391762131,0.039537147,6.7807975,-0.2579141801846418,0.04142571,-2.7994075620522314,0.024448572,15.092266,9094.423836144342,20.258099,13924.771983670926,23.037151,1.0531797,,42.1096974650155,78.71398006548533,0,False,5687.151,3.738,1796.638,0.2699,3.0708246439939915,5.033170576363041,3
1454784283056341376,205.5343430147124,28.36417042672744,0.8112639388566517,0.21944709,3.6968544,-4.580471963824369,0.30245313,-5.929050533596231,0.112803146,16.68216,4751.313207404505,145.59384,5687.62410635674,84.53435,0.7859392,,42.153774268151096,78.7199745684101,0,False,,,,,1.0132295073288486,3.8674378298243086,3
1454784283056517760,205.5365052907797,28.3603687930202,1.0427255014911672,0.28072366,3.7144198,2.286647909840415,0.28783846,-3.3154577036722,0.16213754,17.064207,2515.150972910424,23.446379,3322.16239841931,21.224737,0.89278793,,42.13381396857335,78.71829325755331,0,False,,,,,0.8053118516831654,3.615767966956848,3
1454784283056657024,205.5285645485836,28.367114959706875,0.3259544147497092,0.09082039,3.5890005,-0.3777218580081599,0.08557897,-2.650616082522286,0.047571406,16.127674,4501.734885248353,30.030474,6214.655287989606,21.235922,0.9407387,,42.17030764645154,78.72488067148095,0,False,,,,,2.294995568877493,5.93951176851071,3
1454784283057743744,205.5333465048164,28.35664441288846,0.3249049848622462,0.0908373,3.5767794,-0.419788280506765,0.10627875,-2.745959211661493,0.061564445,16.897007,2391.4453051660944,20.473839,3113.0955082474147,25.49251,0.8769779,,42.1156162831362,78.7212810683333,0,False,,,,,2.300090724635632,5.961469368741688,3
1454784313118115456,205.5532397554504,28.370285339407857,0.2175916757852986,0.050286457,4.327043,-0.4153894605117365,0.052349184,-3.033988320956146,0.033110518,14.447616,24939.17929219921,263.60248,38152.2537742678,344.56958,1.0522413,,42.18005593840593,78.70302160089173,0,False,,,,,3.426211919447536,7.004009628235157,3
1454784317411593600,205.55499510726705,28.3616491882106,0.7242931103430448,0.19492057,3.7158372,-1.818901485501704,0.18874586,-4.791518047846343,0.09945784,16.949099,3927.095372355747,112.650536,5099.604489045633,46.149185,0.8743086,,42.13559179071111,78.70197614551665,0,False,,,,,1.1235872616099567,3.9800889856893407,3
1454784317415138048,205.55403596414467,28.35691371898412,0.2595461311053171,0.058357112,4.4475493,-0.1555833427176089,0.0686337,-2.559565373833347,0.03529029,14.768108,12276.228832047487,32.91513,19441.1443057554,33.198658,1.0897894,,42.111703629771,78.70308831824501,0,False,5698.9644,3.5467,1815.0127,0.3234,2.937448799041932,6.129623210334253,3
1454784317415142400,205.55557007869243,28.358603273747264,0.7278735386168244,0.1881865,3.8678308,-0.1471402164875397,0.20359534,-2.400511253282545,0.10547215,16.122301,4483.809440299813,19.738976,6117.29714725925,8.868207,0.927928,,42.11992279177047,78.70164454992182,0,False,,,,,1.119249756267373,3.732256845658562,3
1454784317416060160,205.5560242315817,28.36720093666164,0.232558778506246,0.049845487,4.6655936,-0.020891369773506,0.05085295,-2.765481751887981,0.03047675,14.127862,27652.68211990908,416.88144,44503.867485684896,1492.0573,1.1072989,,42.16361650035244,78.7007536832651,0,False,,,,,3.279388897855541,6.5033907830308735,3
1454784317416171392,205.5476595048144,28.366137666411145,2.3390901853157287,0.62269944,3.7563713,2.6554605972850625,0.72313166,-4.413115828444637,0.3949895,18.004444,5141.396811184397,137.40285,6762.415355415691,236.41609,0.8881979,,42.1603611501106,78.70816303422406,0,False,,,,,0.383761138500514,3.948814407933829,3
1454784317416268800,205.5549517264353,28.372009949912183,0.5413958765438037,0.15784478,3.4299257,-0.4992307587361749,0.16369236,-2.07955955311963,0.095749736,16.48705,9212.886935621982,517.7335,12061.105551801294,405.75696,0.8831253,,42.18839871420168,78.70141784651086,0,False,,,,,1.4547344638860693,4.892690227706691,3
1454784317416482560,205.5523399832116,28.36843920800309,0.7325990868900648,0.20009944,3.661175,1.121953227216629,0.21310632,-3.010469313400825,0.11577985,16.594334,5797.465064266048,74.96396,7206.068430813654,18.07992,0.8267975,,42.17088087710658,78.7039187180077,0,False,,,,,1.111849261645368,4.05618369533006,3
1454784317416491008,205.54573909903448,28.36638119402541,0.3104932405147378,0.08519878,3.6443388,0.8521088307958433,0.08683747,-2.635520635363017,0.048584994,15.211218,11801.500837864796,159.14264,19149.785188307746,156.63179,1.1162128,,42.16210018630973,78.70983601464192,0,False,,,,,2.4029028916602755,6.0449503088470005,3
1454784351770726528,205.56105877737104,28.38027767232064,0.3380482064652007,0.056827106,5.9487143,0.1678265269949242,0.055683445,-2.27144827072301,0.03702833,14.501052,19357.59668504979,277.66412,30580.741884468203,233.5779,1.0871382,,42.22891567639355,78.69557142155126,0,False,,,,,2.411847594982816,4.330623485088518,3
1454784351774945536,205.5718562728492,28.37306815280335,0.3367672553621921,0.051146198,6.5844045,-0.2354990512940859,0.0524039,-2.7149816993431464,0.031577196,15.521124,6239.532502504605,18.418827,9297.143769034165,15.19554,1.0236406,,42.18939042112903,78.68650760675494,0,False,5817.5483,3.8028,2103.1338,0.2709,2.4562622630083286,4.150560752497075,3
1454784351776215680,205.56837077761605,28.37116621193009,1.4537264602312383,0.39523685,3.6781147,-0.1716608127416072,0.4441087,-4.014082276028865,0.3101315,17.679575,2398.983220604182,58.25906,2958.543425112609,70.35593,0.81827354,,42.18061449062407,78.6896792839447,0,False,,,,,0.5952864245129863,3.6768969031302574,3
1454784386135568768,205.54764447341063,28.37308350957888,0.3582741530961598,0.052213583,6.861704,-0.1988316760873315,0.053348508,-2.8603080831159726,0.030869773,14.357096,26876.58277402984,240.03922,39188.2383774252,138.1491,1.0001011,,42.19577795909855,78.70777407851688,0,False,,,,,2.3270238843500493,3.857292158434076,3
1454784386135571456,205.5456628889416,28.373052165880395,0.661356985842004,0.16053231,4.119775,0.1219639671557349,0.30742276,-3.366848398814496,0.083806634,16.007587,18466.25489147347,1068.902,26279.58444057004,277.4288,0.97374535,,42.19613652524763,78.70951648716886,0,False,,,,,1.2261387109004838,3.56341731749354,3
1454784386135777536,205.5500529556732,28.379954145656136,0.3856455438955389,0.08552341,4.509239,-0.8416767223087092,0.09158106,-2.862971219400641,0.047722448,14.322892,32850.590244821244,312.573,49314.6859977916,489.66125,1.0317287,,42.230168907878735,78.7052567838641,0,False,,,,,2.044951694924335,4.6014131054669605,3
1454784420490824192,205.54862993524367,28.386503331365013,0.2969096340635616,0.05133199,5.7841053,-0.106746374924122,0.05874087,-2.921876585244571,0.03703976,14.851514,18163.39272858325,774.7822,27947.37640356767,1231.3586,1.058507,,42.26392810397938,78.70611973363344,0,False,,,,,2.717020450265769,4.901231632214121,3
1454784420490896896,205.55179091110767,28.38686821213108,0.534610439165782,0.15414196,3.468299,-0.2551079392384418,0.13686277,-2.913588848768068,0.08513824,17.128422,6406.18654320441,886.0023,7729.281551287845,734.73016,0.7944956,,42.26494503055228,78.70332208207338,0,False,,,,,1.472365432439546,4.858135740867498,3
1454784420490898176,205.554610495782,28.385393413965147,1.0525784734968544,0.29035318,3.625166,-0.2057476383529471,0.30014712,-2.598139526119448,0.17358762,16.642109,6090.684348028962,82.92015,8497.855795684012,151.8875,0.9522543,,42.25667988809096,78.70093328135397,0,False,,,,,0.8003479724893513,3.810068800524545,3
1454784420494458240,205.56033183822737,28.39098248485113,0.5892215063420869,0.1541943,3.8212924,0.1752887584979212,0.19377257,-2.9737181365445418,0.09174086,16.9615,3548.4500956579404,53.097683,4570.634374673693,26.981604,0.8654909,,42.2836233336127,78.69557689238326,0,False,,,,,1.3580531125742268,4.172971858383975,3
1454784420495305216,205.5500547305849,28.388404170782973,0.230373557355838,0.064027354,3.5980492,0.0343921329102879,0.061472945,-2.532609440954237,0.03954012,15.39151,10542.22289717129,488.69638,19996.409473528704,1139.84,1.285696,,42.27323601782907,78.70475551141449,0,False,,,,,3.1164277232085507,7.195444445605037,3
1454784420495376384,205.55211460395003,28.392905481528032,0.9515937481966408,0.2542951,3.7420845,0.4846868455461441,0.28344768,-2.833761396470954,0.13871522,17.487911,2751.2119991703144,57.644596,3403.6581560322925,23.786793,0.821702,,42.29562251091474,78.70267794300752,0,False,,,,,0.8752396505574143,3.623049232613426,3
1454784454850851200,205.5143571919548,28.36478310573549,0.5971649191978166,0.17818785,3.3513222,-0.9485518468552132,0.17294163,-2.795913462750755,0.10390855,17.645025,1239.0148681973944,23.8601,1615.9900943730008,19.485483,0.8790512,,42.16209968830826,78.73749622939948,0,False,,,,,1.3321059689399657,4.860858813294435,3
1454784489209714944,205.52129653439127,28.378859589057,0.3663457677109142,0.08794436,4.1656537,0.2826463503539725,0.109670654,-2.819413084993528,0.072792135,16.734777,2604.7986181670503,121.90035,4112.156996502603,625.84674,1.0863857,,42.23220170070751,78.73057778550066,0,False,,,,,2.1187766981500533,5.038888679186516,3
1454784489213843200,205.51533028734505,28.38095963207002,0.4141473682274467,0.0933062,4.4385834,0.0654941027392869,0.09416273,-2.970188716253117,0.067516945,16.655657,2621.6921177015283,50.42695,3614.628562315416,79.510056,0.9393511,,42.24452119815268,78.73569351845283,0,False,5962.728,4.7109,1245.5222,0.2382,1.9096408339040336,4.430072238772365,3
1454784489214731904,205.5297249308084,28.37699227241093,0.3014930557454277,0.07345792,4.104296,-0.2186085519492929,0.07588089,-2.7499217549795887,0.04515041,15.113217,10032.680692716302,42.47512,14935.178069849911,18.942545,1.0226307,,42.22043148257143,78.72328509015168,0,False,6227.082,3.2456,4876.773,0.4439,2.523622515778012,5.763586505719963,3
1454784489215243648,205.5281610813191,28.374091884558588,1.495774186077403,0.40967977,3.6510816,-1.7283471301222142,0.3428945,-3.495618043387512,0.27496135,17.349092,3176.645632051157,73.42162,3747.552340742863,39.060844,0.7700939,,42.20603663641741,78.72482879903602,0,False,,,,,0.581026367717002,3.7688863509891233,3
1454784523573565824,205.5058055049236,28.3768261449968,0.4101611851432986,0.107353434,3.820662,-0.4191334847934712,0.112814575,-2.91459614549058,0.07026039,17.085941,1604.1468045719805,14.660521,2150.7036350339044,12.832097,0.90898705,,42.22592930978304,78.74430359121281,0,False,5361.9487,4.2864,2525.6565,0.0352,1.887621110935762,5.026247215461241,3
1454784557930465024,205.51580929573075,28.386658749682283,0.3720162114775667,0.084008835,4.428299,-0.2449378342818583,0.08736986,-2.434394272822608,0.05666589,16.97025,1970.0257735444047,19.802683,2696.7105945101857,27.527191,0.9315529,,42.27351607587978,78.73493347100437,0,False,5573.042,3.8011,4179.224,0.1512,2.1086654728754897,4.779343216681387,3
1454784592289624960,205.5300868798681,28.38990309381219,0.3965064398613395,0.09915064,3.9990306,-0.6010412224455285,0.108521216,-3.092737506002416,0.06432309,17.012459,2401.2534320913483,37.23378,3216.2819626561136,40.055275,0.90793705,,42.286239360112376,78.72220118453178,0,False,,,,,1.959092278080264,4.943614454727467,3
1454784592290759296,205.5244842610957,28.38836559157506,2.829337506563473,0.84481025,3.3490806,-7.820889046704416,0.80519444,-11.341636875537644,0.57067764,17.640892,1779.4578352066317,23.10647,2353.735464776242,23.78169,0.89432335,,42.27989896607991,78.72721322432918,0,False,,,,,0.3511298130095474,5.682995111185266,3
1454784592294077568,205.5350963513817,28.387480351555013,0.3166701888758024,0.078432836,4.03747,0.2038018800713353,0.07859433,-2.9001404637318733,0.046459652,15.398307,8052.221995743795,27.431173,11622.31110222366,22.109747,0.98908806,,42.27252912857984,78.71794678623132,0,False,,,,,2.4065676225727333,5.63823392950997,3
1454784592294317952,205.530410624889,28.38174850421689,0.3351101955950714,0.053896133,6.217704,-0.1591822165789897,0.046553854,-2.888340435799853,0.034918778,15.494727,8461.60273711254,103.43928,13220.841158289017,109.12468,1.0751629,,42.24452890303059,78.72240235598773,0,False,,,,,2.447807445676017,4.274544655239024,3
1454784592294495616,205.53989675034128,28.38938159231797,0.5693592435363828,0.1325312,4.2960396,0.6473437963476544,0.17933999,-2.602576288298078,0.095752425,17.444881,4171.456082230052,365.6386,5855.8883615086215,52.54865,0.95890903,,42.28094028958177,78.71361774037922,0,False,,,,,1.414266387938698,3.696980040561651,3
1454784626651352832,205.53616474020987,28.39649263140254,1.0307615549563671,0.28280872,3.6447306,-1.8064841380092795,0.35312557,-2.442084577127603,0.28487572,18.27619,1767.997410952045,109.57077,2661.7174761762262,114.54288,1.0348492,,42.318220778902834,78.71646783659551,0,False,,,,,0.8152800161498948,3.775239273169367,3
1454784626652872832,205.53966601478416,28.402898650899765,0.3160827869493199,0.089482024,3.5323606,0.4550195901262783,0.10194803,-2.718251907373029,0.05688604,17.26742,1851.5557013825564,31.553724,2401.532069269078,25.733366,0.8730259,,42.34994095819856,78.71300510910731,0,False,,,,,2.351081752864765,6.091338426240217,3
1454784626652893824,205.5425446939207,28.40200777218856,0.2508009951631981,0.071907826,3.4878123,-0.3190435538673215,0.08083917,-2.869315702519988,0.04316724,16.405325,3344.7473302275566,28.84231,5596.397849118079,142.0644,1.1495094,,42.34461107451888,78.71053183826352,0,False,,,,,2.871798639586702,6.93716292957906,3
1454784691075277568,205.53058619596004,28.40334663480033,0.2374521502045194,0.06377175,3.7234693,-0.0449384765649992,0.06826268,-2.7037426966129843,0.040137757,16.516438,2662.846565245674,21.00772,3733.245790735462,25.184965,0.9574976,,42.3547156192646,78.72094974145209,0,False,5520.5273,3.5977,4224.0225,0.1429,3.0600295838611147,6.983177188309272,3
1454784691075278464,205.5358001044899,28.40277261437861,0.5042282550383519,0.13488637,3.7381706,0.0163029896690716,0.14380084,-3.0530737707180564,0.08275011,17.363092,1440.677358362966,19.04832,1852.0719376247168,25.446098,0.8633747,,42.35035673070652,78.71640702258858,0,False,,,,,1.5619790319408215,4.607609283313997,3
1454784935890172544,205.4638048675721,28.376581829117228,0.2831260255177495,0.07474928,3.7876756,0.4515728273204044,0.077634685,-3.022006092696553,0.044385564,16.163424,3371.0989683647927,9.007362,4828.971188298177,8.583331,0.980855,,42.23592730307613,78.78120692305909,0,False,6002.155,3.8696,2752.9397,0.2904,2.6283807111312463,6.245387166760644,3
1454785378268083072,205.4900915525083,28.410232244378943,0.3029475436756991,0.08080692,3.7490296,-0.5203093571055064,0.08450703,-2.750195606960116,0.050961237,17.048536,1499.0456382489408,5.720401,2064.3404013404543,5.3173523,0.9380646,,42.40114712013662,78.75607650955133,0,False,5237.0664,4.7745,1244.4956,0.0025,2.4695762339786707,6.035603448775136,3
1454785416928493312,205.519909744429,28.406884129075827,1.939718638593816,0.57368374,3.3811638,-3.839838433300211,0.6830657,-6.114574263196306,0.34469596,18.920563,648.2059703566764,26.064186,926.4883044936328,69.91484,0.9784641,,42.37571899301079,78.73010637649894,0,False,,,,,0.4748338567786334,4.888386038019671,3
1454785451283988992,205.52571062957333,28.418508907718305,0.4918498796493116,0.12053455,4.0805717,-0.2007372416867248,0.13618876,-2.636812206367435,0.08821123,18.035147,709.5228106606862,8.9496975,859.5863972969165,9.250269,0.798954,,42.43345478575978,78.72429360674435,0,False,5494.724,4.719,2405.8682,0.0017,1.6121140092081092,4.272423007684354,3
1454785554365482112,205.4636416427684,28.41552025955603,0.3192744419564663,0.077604495,4.114123,-0.5308729616796328,0.081091285,-2.559516179303248,0.04905295,16.509916,2629.1702308514305,11.400345,3617.4205691389775,8.903872,0.93709755,,42.4357165173055,78.7789637011986,0,False,5242.008,4.297,1806.8099,0.0125,2.396847522711792,5.547802094325421,3
1454785726164194176,205.4968052325803,28.43999857068201,0.4106724610018177,0.12120302,3.3883023,-0.0745166539837446,0.1342663,-2.4788527368152984,0.08225067,18.0828,580.141944834715,3.905024,753.4105978437254,4.52532,0.87438965,,42.55152567477917,78.74829561383922,0,False,5423.0293,4.7047,2489.4102,0.0017,1.854167936482916,5.520403206798516,3
1454874271207366016,205.6526718865928,28.35512868700529,0.3195660370603649,0.08932877,3.5774145,-0.5825996930291718,0.10659287,-2.60721835667342,0.060693506,17.507967,958.8564428967942,5.0631886,1318.8500644574556,6.325954,0.9367523,,42.07791273986524,78.61652366096965,0,False,5245.906,4.3887,2751.906,0.0006,2.334108643422,6.013411399862823,3
1454874924039869184,205.6313968666463,28.3648669273724,2.836246747242816,0.71828216,3.9486527,-34.742123410928244,0.83405215,6.905273127269259,0.48822698,20.091515,105.21982316173886,15.948165,262.4723782388934,13.612723,1.5831127,,42.13251724109019,78.6346719111508,0,False,,,,,0.3150178185832248,3.5732575851722816,3
1454875164559161088,205.598351229614,28.36843782218821,0.2816630091877762,0.08213206,3.429392,-0.317016087687673,0.09436566,-2.4318821843718594,0.06463933,17.333134,1156.367792165436,8.622173,1564.824916996885,9.439552,0.9190712,,42.1590213983806,78.66349987906888,0,False,5284.227,4.7174,1562.0616,0.0034,2.585371247187685,6.5663291006402895,3
1454875228985474176,205.5834406695392,28.3710466357214,0.2053258351902977,0.053956,3.8054311,0.3970221482064364,0.05949445,-2.4747164849213785,0.037529267,15.918927,4427.057028690141,21.45784,6435.899970633905,22.072287,0.99688244,,42.17610932128332,78.67644842679397,0,False,5700.554,3.4515,4159.978,0.2545,3.496750068780746,7.574977808232942,3
1454875228985475072,205.58648302779915,28.382955705525458,0.4497593115858238,0.118694454,3.7892194,-0.0476822946172707,0.12180472,-2.727874405765177,0.078841016,16.629286,2600.905355284418,21.128872,3485.6237709180527,28.507948,0.90853786,,42.23585910076443,78.67308462829328,0,False,6593.27,3.0032,15867.695,0.4202,1.7348069628731737,4.8175743329742655,3
1454875301997253248,205.61368470365483,28.386138329575164,0.4970373249265429,0.12500738,3.976064,-0.4073099207190922,0.14254953,-2.8777121253682854,0.080625854,17.890377,843.277146268039,8.123183,1046.6258350348855,8.459127,0.8251991,,42.244894480051535,78.6490079728386,0,False,5628.54,4.3922,3529.0784,0.072,1.5923225403516013,4.358763670773415,3
1454875817393789952,205.6388202886116,28.426851475240632,0.4519557713035302,0.09272407,4.8742013,-3.981133047667793,0.10797546,0.0414591012455286,0.06265646,17.611666,882.8534534532314,5.116568,1137.662425564733,5.331429,0.86595726,,42.44441357915237,78.62449215084402,0,False,5495.8433,4.6734,2282.6582,0.0005,1.780903118335246,3.859863303176148,3
1454878183922968192,205.57192643570136,28.38257371673633,0.4355233904755387,0.10421549,4.1790657,-0.3578022473451939,0.107265435,-2.709740389147214,0.06501867,16.895699,2919.839598731115,32.294548,3931.305852532505,44.835796,0.91359043,,42.237742350412375,78.6858917571513,0,False,,,,,1.8083712438279615,4.502253810578844,3
1454878183922969856,205.5752834534259,28.38490758070105,0.1989927556727247,0.059473325,3.3459163,-0.3689159628663256,0.06279034,-2.8422821565821987,0.0388084,16.016527,4073.0289259835777,21.869005,5971.979520941035,12.853359,1.0061493,,42.24873121839432,78.68280619188641,0,False,5265.8643,4.2943,1418.9102,0.0549,3.470460423981788,7.983081537370785,3
1454878188217534336,205.5722689242681,28.391046420593494,0.4928010447925579,0.13997887,3.5205388,-0.9687174260144946,0.14678872,-2.884852396155821,0.07918367,16.906836,3535.511509635644,106.357574,4386.132847174903,61.048244,0.8247204,,42.28076140451505,78.68509037580439,0,False,7076.76,2.8969,20023.209,0.6974,1.585167522366702,4.942946579756846,3
1454878188217545344,205.5798120704016,28.38905615848597,0.213127160262556,0.053813856,3.9604514,-0.1776064003957061,0.062090978,-2.848334105903336,0.03470316,16.268429,3347.782077459875,69.865326,4807.144360827019,34.31072,0.9834719,,42.26863256487693,78.67858417168102,0,False,6057.7515,3.8692,2872.4985,0.32,3.41760567347143,7.310282468962188,3
1454878188219011328,205.57998241913768,28.38532931298639,2.2371444296842995,0.6499165,3.4422026,0.7680122603499875,0.77048355,-3.57663302745286,0.44141996,18.499693,973.7301850319676,225.586,1477.785217162504,303.80362,1.0435772,,42.249636309025725,78.67865451618121,0,False,,,,,0.4168118651913086,4.943577707745508,3
1454878252642443264,205.56597542524,28.39553504791276,0.350204344793024,0.07497036,4.6712375,-0.1826592133853904,0.08398367,-3.241850379807431,0.050382182,15.750522,5622.208246804951,36.550705,8114.931392479898,40.249077,0.9890909,,42.305288115578286,78.69034901748196,0,False,,,,,2.2486182479131123,4.816535062451105,3
1454878256934609920,205.5646392087264,28.400955176403134,0.3384187386104845,0.09169528,3.6906886,-0.4392894528979367,0.10294461,-2.5000800389410465,0.059086826,17.248451,2264.6977626488274,20.299313,2804.807859223808,25.419107,0.8228798,,42.33323771012012,78.69119620437687,0,False,,,,,2.231015516336686,5.723463792367163,3
1454878256937019648,205.55832210677653,28.398006948486625,0.2366653616940346,0.061239537,3.8645844,0.0244918703725101,0.06534332,-2.7935946655996746,0.039214455,16.094849,4287.750938676165,31.143358,6056.289036475366,39.955853,0.9655895,,42.31993658319107,78.69692078573071,0,False,,,,,3.09601481325492,6.901291841512989,3
1454878394374049920,205.58444812160187,28.424557292295944,0.4913491230481047,0.12669496,3.8782058,0.7909597314009227,0.17021708,-2.6762809268864816,0.11930566,17.787775,2192.1142324099683,34.596302,3257.1993242046515,229.25102,1.0205984,,42.44782970695807,78.67235922483331,0,False,,,,,1.6050409184004917,4.497710549131851,3
1454878428735813504,205.59846922568207,28.43347337063713,0.2143947421787126,0.062436614,3.4337983,-0.1393414255667389,0.07198162,-2.5369546907702047,0.041686404,16.841177,1737.3778660714147,5.6147604,2411.176955851304,6.5755525,0.9464836,,42.48918757980684,78.65949582649769,0,False,5218.624,4.7249,1182.957,0.0118,3.2778755534498667,7.606604553662395,3
1454878458800895232,205.55785019507704,28.40347823441331,0.6130375508676625,0.14930022,4.1060724,-0.8284599410818863,0.15240934,-2.166367122323876,0.09017578,17.178473,2012.075201139992,20.24858,2710.949852955765,18.07988,0.91433907,,42.34792856457223,78.69700425887605,0,False,,,,,1.3155641414787589,3.7345888690707776,3
1454878463092945024,205.5501437753793,28.40371961807381,0.512486268291346,0.113671586,4.508482,-0.8262815862049342,0.13009405,-3.282785323703716,0.06945291,16.900505,2309.278672511245,19.449415,3112.9721168410924,22.520678,0.9148941,,42.35126086155712,78.70375576762687,0,False,,,,,1.5679949390059813,3.76927252442512,3
1454878463092956288,205.5526459717977,28.40189523646774,0.3096717481388825,0.087876625,3.5239377,-0.2352598129088727,0.10000476,-2.8295530221808565,0.076882616,16.49387,3067.6826063749195,62.67672,4173.269591286389,33.884228,0.9248104,,42.34128276690608,78.70166965331359,0,False,,,,,2.392776109439988,6.165098461289611,3
1454878497452990208,205.5617676691096,28.41287341021044,0.2914923451066627,0.08004996,3.64138,-0.2297280527345676,0.08858925,-2.6410664169910203,0.05177012,17.055725,1874.761516967684,18.269327,2385.961692464812,19.131948,0.8524399,,42.3946918434492,78.69299091584564,0,False,5656.431,4.2206,2944.2332,0.1632,2.540671283901385,6.262891230706976,3
1454878669253977088,205.56631494996253,28.44179243442661,0.2348230264475929,0.06619539,3.5474224,-0.0016770860473178,0.07537816,-2.665949514903634,0.044451363,16.938263,1638.643287697458,5.2184124,2293.796506413067,10.511573,0.9558239,,42.54058186571889,78.68718628132781,0,False,5260.4985,4.606,1476.0255,0.0303,3.0540603519003136,7.152028977376436,3
